<?xml version="1.0" encoding="UTF-8" standalone="no"?>
<!DOCTYPE sqlMapConfig 
PUBLIC "-//iBATIS.com//DTD SQL Map Config 2.0//EN" "http://www.ibatis.com/dtd/sql-map-config-2.dtd">

<sqlMapConfig>
	<settings
		cacheModelsEnabled="true"
		enhancementEnabled="true"
		lazyLoadingEnabled="true"
		maxRequests="32"
		maxSessions="10"
		maxTransactions="5"
		useStatementNamespaces="false"
	/>

	<transactionManager type="JDBC">
		<dataSource type="SIMPLE">
			<property name="JDBC.Driver"
				value="com.mysql.jdbc.Driver" />
			<property name="JDBC.ConnectionURL" value="jdbc:mysql://localhost:3306/ibatis_db" />
			<property name="JDBC.Username" value="root" />
			<property name="JDBC.Password" value="123456" />
		</dataSource>
		
	</transactionManager>

    <sqlMap resource="com/beifeng/sooba/db/maps/DocRecord.xml" />
    <sqlMap resource="com/beifeng/sooba/db/admin/maps/User.xml" />
    
		
</sqlMapConfig>

